ID,Vector_size,OR_count_per_cell_zfpkm,Fire_score,Cell_type,Molecular_subtype,Pathological_stage,MBases,MBytes,Immunohistochemistry,patient_id,patient_age,Platform,source_name,read_count,base_count,Seurat_cluster,Mean_OR_TPM,OR_count_TPM_cutoff_2,OR_count_TPM_cutoff_4,OR_count_TPM_cutoff_5,OR_count_TPM_cutoff_6,OR_count_TPM_cutoff_10,OR_count_TPM_cutoff_15,OR_count_TPM_cutoff_20,Cell_staus,State,Stemness,Differentiation,PseudoTime
SRR2973300,0.894180774,49,1044.375977,primary breast cancer,HER2-enriched,pT2N0 (IIA),897,548,human epidermal growth factor receptor 2 positive (HER2+),BC04,67,ILLUMINA,BC04_Single-cell RNA-seq,4487785,897557000,3,2.829889679,24,13,12,10,2,1,0,Differentiation,Low_Differentiation,-0.0388430524262547,0.169001348342548,2.92393029909341
SRR2973301,0.4196357626,45,1050.211914,primary breast cancer,HER2-enriched,pT2N0 (IIA),937,579,human epidermal growth factor receptor 2 positive (HER2+),BC04,67,ILLUMINA,BC04_Single-cell RNA-seq,4689190,937838000,3,3.339675604,17,10,8,7,4,3,2,Differentiation,Low_Differentiation,-0.0722007345546495,0.192521628020334,4.97894644892398
SRR2973303,0.8868785632,47,1009.284851,primary breast cancer,HER2-enriched,pT2N0 (IIA),815,507,human epidermal growth factor receptor 2 positive (HER2+),BC04,67,ILLUMINA,BC04_Single-cell RNA-seq,4078265,815653000,3,3.032001585,13,10,10,7,4,2,1,Differentiation,High_Differentiation,-0.13126807778034,-0.0433516008575706,2.15015360054996
SRR2973306,0.9757830697,47,1050.316284,primary breast cancer,HER2-enriched,pT2N0 (IIA),762,472,human epidermal growth factor receptor 2 positive (HER2+),BC04,67,ILLUMINA,BC04_Single-cell RNA-seq,3812787,762557400,3,2.753433245,15,8,7,6,3,2,1,Differentiation,Moderate_Differentiation,-0.103838883117863,0.0605975308569529,4.61840328818343
SRR2973307,0.7026995379,41,994.3837891,primary breast cancer,HER2-enriched,pT2N0 (IIA),1042,639,human epidermal growth factor receptor 2 positive (HER2+),BC04,67,ILLUMINA,BC04_Single-cell RNA-seq,5210833,1042166600,3,2.424436717,22,12,10,8,1,0,0,Differentiation,Moderate_Differentiation,-0.20136629264192,-9.64331991960693e-05,2.11792918240446
SRR2973309,0.8449090071,50,1026.287109,primary breast cancer,HER2-enriched,pT2N0 (IIA),701,436,human epidermal growth factor receptor 2 positive (HER2+),BC04,67,ILLUMINA,BC04_Single-cell RNA-seq,3507020,701404000,3,5.815557736,25,17,12,12,6,3,2,Differentiation,Low_Differentiation,-0.0780871350962385,0.204392061404551,3.19014600160814
SRR2973312,0.6256110415,41,998.9386597,primary breast cancer,HER2-enriched,pT2N0 (IIA),966,594,human epidermal growth factor receptor 2 positive (HER2+),BC04,67,ILLUMINA,BC04_Single-cell RNA-seq,4830318,966063600,3,2.617667434,18,8,7,5,4,3,1,Differentiation,Low_Differentiation,-0.21562766049105,0.069392534708192,0
SRR2973314,0.5578320134,30,1021.121948,primary breast cancer,HER2-enriched,pT2N0 (IIA),953,585,human epidermal growth factor receptor 2 positive (HER2+),BC04,67,ILLUMINA,BC04_Single-cell RNA-seq,4768532,953706400,3,1.461073245,12,4,3,2,1,1,0,Differentiation,Moderate_Differentiation,-0.133857647929511,0.00724979214925769,0.00242276370911054
SRR2973315,0.0473381685,46,1047.792969,primary breast cancer,HER2-enriched,pT2N0 (IIA),1046,653,human epidermal growth factor receptor 2 positive (HER2+),BC04,67,ILLUMINA,BC04_Single-cell RNA-seq,5232825,1046565000,3,2.339982038,13,7,5,3,1,1,1,Differentiation,Low_Differentiation,-0.045540629787937,0.200853018432472,5.34209700931757
SRR2973316,0.6609135508,45,1034.223999,primary breast cancer,HER2-enriched,pT2N0 (IIA),901,562,human epidermal growth factor receptor 2 positive (HER2+),BC04,67,ILLUMINA,BC04_Single-cell RNA-seq,4509886,901977200,3,1.703322774,17,8,4,3,0,0,0,Differentiation,Low_Differentiation,-0.156798650196408,0.151295244854761,0.00363414556366592
SRR2973317,0.3880393147,47,1013.221619,primary breast cancer,HER2-enriched,pT2N0 (IIA),840,521,human epidermal growth factor receptor 2 positive (HER2+),BC04,67,ILLUMINA,BC04_Single-cell RNA-seq,4201268,840253600,3,2.243192358,14,6,6,6,2,1,1,Differentiation,Moderate_Differentiation,-0.315315382700166,-0.140719669857804,0.309260228744884
SRR2973318,0.5476412605,28,963.657959,primary breast cancer,HER2-enriched,pT2N0 (IIA),757,474,human epidermal growth factor receptor 2 positive (HER2+),BC04,67,ILLUMINA,BC04_Single-cell RNA-seq,3786678,757335600,3,1.516293943,6,4,2,1,1,1,1,Stemness,Low_Stemness,-0.11942124847841,-0.130425226226189,0.703407205973697
SRR2973319,0.5651493435,50,1013.485229,primary breast cancer,HER2-enriched,pT2N0 (IIA),787,492,human epidermal growth factor receptor 2 positive (HER2+),BC04,67,ILLUMINA,BC04_Single-cell RNA-seq,3937170,787434000,3,3.668205528,19,10,7,6,5,3,3,Differentiation,Low_Differentiation,-0.222625181833387,0.126400096014255,3.33762275486052
SRR2973320,0.4574814499,40,1003.62793,primary breast cancer,HER2-enriched,pT2N0 (IIA),963,593,human epidermal growth factor receptor 2 positive (HER2+),BC04,67,ILLUMINA,BC04_Single-cell RNA-seq,4815643,963128600,3,2.081762717,12,8,5,4,1,1,1,Differentiation,Moderate_Differentiation,-0.152210943478694,-0.0160739724648173,0.704618587828252
SRR2973321,0.2471869745,47,1029.859253,primary breast cancer,HER2-enriched,pT2N0 (IIA),776,480,human epidermal growth factor receptor 2 positive (HER2+),BC04,67,ILLUMINA,BC04_Single-cell RNA-seq,3881018,776203600,3,5.573807302,20,9,6,6,4,3,3,Stemness,Low_Stemness,-0.0369900079613783,-0.025258605353792,0.740337634306531
SRR2973322,0.8223089243,31,1056.916992,primary breast cancer,HER2-enriched,pT2N0 (IIA),967,594,human epidermal growth factor receptor 2 positive (HER2+),BC04,67,ILLUMINA,BC04_Single-cell RNA-seq,4837564,967512800,3,2.613554358,15,10,9,6,4,1,1,Differentiation,Moderate_Differentiation,-0.153431703300433,0.00874785439205378,2.63122501367846
SRR2973323,0.5193904587,42,1048.971802,primary breast cancer,HER2-enriched,pT2N0 (IIA),830,509,human epidermal growth factor receptor 2 positive (HER2+),BC04,67,ILLUMINA,BC04_Single-cell RNA-seq,4152076,830415200,3,4.34359617,17,8,8,8,5,3,2,Stemness,Low_Stemness,0.0928231086705526,0.103208161663228,5.91025217062602
SRR2973324,0.6628242521,50,1056.528687,primary breast cancer,HER2-enriched,pT2N0 (IIA),793,492,human epidermal growth factor receptor 2 positive (HER2+),BC04,67,ILLUMINA,BC04_Single-cell RNA-seq,3967726,793545200,3,6.376409528,23,18,18,15,10,7,4,Differentiation,Low_Differentiation,-0.0250743013803808,0.232933340317006,3.73249365651733
SRR2973325,1.14960977,49,1049.554443,primary breast cancer,HER2-enriched,pT2N0 (IIA),684,419,human epidermal growth factor receptor 2 positive (HER2+),BC04,67,ILLUMINA,BC04_Single-cell RNA-seq,3420262,684052400,3,2.470897566,18,8,6,6,5,2,0,Differentiation,Moderate_Differentiation,-0.0320027906488901,0.159073718772506,3.65941372253815
SRR2973326,0.5732112928,51,1042.42981,primary breast cancer,HER2-enriched,pT2N0 (IIA),835,515,human epidermal growth factor receptor 2 positive (HER2+),BC04,67,ILLUMINA,BC04_Single-cell RNA-seq,4177907,835581400,3,2.803908962,24,15,10,6,1,1,1,Differentiation,Low_Differentiation,-0.0377427509990438,0.181075580291505,1.77716918792822
SRR2973327,0.6566059284,16,1065.756592,primary breast cancer,HER2-enriched,pT2N0 (IIA),788,487,human epidermal growth factor receptor 2 positive (HER2+),BC04,67,ILLUMINA,BC04_Single-cell RNA-seq,3943440,788688000,3,1.169242151,8,5,3,2,2,0,0,Differentiation,Moderate_Differentiation,-0.284519159027356,-0.105704695668214,0.282045317147524
SRR2973329,0.983722385,48,1068.016479,primary breast cancer,HER2-enriched,pT2N0 (IIA),863,538,human epidermal growth factor receptor 2 positive (HER2+),BC04,67,ILLUMINA,BC04_Single-cell RNA-seq,4319337,863867400,3,3.308573547,18,11,9,9,4,3,2,Differentiation,Moderate_Differentiation,-0.00428985076474009,0.1751714210269,4.68150469480796
SRR2973330,0.5936073579,49,1075.383545,primary breast cancer,HER2-enriched,pT2N0 (IIA),697,427,human epidermal growth factor receptor 2 positive (HER2+),BC04,67,ILLUMINA,BC04_Single-cell RNA-seq,3485117,697023400,3,4.51998,28,14,11,6,4,2,2,Differentiation,Low_Differentiation,-0.172137378706018,0.0645607099463833,3.04998436352766
SRR2973331,0.4612976637,50,1038.287598,primary breast cancer,HER2-enriched,pT2N0 (IIA),805,503,human epidermal growth factor receptor 2 positive (HER2+),BC04,67,ILLUMINA,BC04_Single-cell RNA-seq,4027915,805583000,3,6.406398698,25,21,19,16,11,5,4,Differentiation,Low_Differentiation,-0.160451410067293,0.0755313353742055,4.55182254037038
SRR2973332,0.2804184871,37,1024.609009,primary breast cancer,HER2-enriched,pT2N0 (IIA),811,504,human epidermal growth factor receptor 2 positive (HER2+),BC04,67,ILLUMINA,BC04_Single-cell RNA-seq,4058599,811719800,3,1.620169509,11,4,2,2,1,1,1,Stemness,Moderate_Stemness,-0.155779619734921,-0.189037520272011,0.705829969682807
SRR2973333,0.7900466529,40,1043.692627,primary breast cancer,HER2-enriched,pT2N0 (IIA),877,545,human epidermal growth factor receptor 2 positive (HER2+),BC04,67,ILLUMINA,BC04_Single-cell RNA-seq,4389267,877853400,3,1.257259434,11,6,3,2,1,0,0,Differentiation,Low_Differentiation,-0.0788992338650265,0.17118362991583,5.8484788215503
SRR2973334,0.80717987,48,954.5753174,primary breast cancer,HER2-enriched,pT2N0 (IIA),944,584,human epidermal growth factor receptor 2 positive (HER2+),BC04,67,ILLUMINA,BC04_Single-cell RNA-seq,4724202,944840400,3,5.56412983,15,11,10,8,5,4,3,Differentiation,High_Differentiation,-0.0237799824392766,0.0594361158095834,3.5973432163967
SRR2973335,0.575533794,49,992.7922363,primary breast cancer,HER2-enriched,pT2N0 (IIA),818,503,human epidermal growth factor receptor 2 positive (HER2+),BC04,67,ILLUMINA,BC04_Single-cell RNA-seq,4092026,818405200,3,2.492067094,15,7,5,4,4,2,1,Stemness,Moderate_Stemness,-0.0816558113703305,-0.129292372728444,0.00484552741822109
SRR2973337,0.5295079595,47,1012.459045,primary breast cancer,HER2-enriched,pT2N0 (IIA),886,548,human epidermal growth factor receptor 2 positive (HER2+),BC04,67,ILLUMINA,BC04_Single-cell RNA-seq,4434828,886965600,3,2.790774151,23,12,9,6,3,2,1,Differentiation,Moderate_Differentiation,0.112443060262235,0.244583294198418,3.86804513515797
SRR2973338,0.5657722227,47,1046.020386,primary breast cancer,HER2-enriched,pT2N0 (IIA),665,418,human epidermal growth factor receptor 2 positive (HER2+),BC04,67,ILLUMINA,BC04_Single-cell RNA-seq,3326395,665279000,3,2.464940302,17,8,6,5,3,3,2,Stemness,Moderate_Stemness,-0.0352268606383116,-0.0752097990811566,2.63243639553302
SRR2973339,0.2803594404,49,1073.96167,primary breast cancer,HER2-enriched,pT2N0 (IIA),744,464,human epidermal growth factor receptor 2 positive (HER2+),BC04,67,ILLUMINA,BC04_Single-cell RNA-seq,3724661,744932200,3,5.139168792,26,17,16,14,8,4,2,Differentiation,High_Differentiation,0.179448471936286,0.24282366960556,4.60600048285424
SRR2973340,0.3739808608,11,988.5874634,primary breast cancer,HER2-enriched,pT2N0 (IIA),1009,629,human epidermal growth factor receptor 2 positive (HER2+),BC04,67,ILLUMINA,BC04_Single-cell RNA-seq,5049790,1009958000,3,2.830135962,11,5,5,5,3,2,2,Differentiation,High_Differentiation,-0.213476523446482,-0.097544658701606,0.707041351537362
SRR2973341,0.6897700683,35,1030.954224,primary breast cancer,HER2-enriched,pT2N0 (IIA),1030,633,human epidermal growth factor receptor 2 positive (HER2+),BC04,67,ILLUMINA,BC04_Single-cell RNA-seq,5152430,1030486000,3,2.475738528,14,5,5,3,2,1,1,Differentiation,Moderate_Differentiation,-0.132353292678978,0.0474881582582398,1.41754172986334
SRR2973342,0.5342729924,45,1035.257813,primary breast cancer,HER2-enriched,pT2N0 (IIA),1003,615,human epidermal growth factor receptor 2 positive (HER2+),BC04,67,ILLUMINA,BC04_Single-cell RNA-seq,5016074,1003214800,3,2.723231528,16,9,7,6,4,2,1,Differentiation,Moderate_Differentiation,-0.034482740437403,0.0945060683958895,1.41024429444376
SRR2973343,0.3722160569,52,994.3986206,primary breast cancer,HER2-enriched,pT2N0 (IIA),901,557,human epidermal growth factor receptor 2 positive (HER2+),BC04,67,ILLUMINA,BC04_Single-cell RNA-seq,4507727,901545400,3,3.790891302,19,15,14,13,6,3,1,Differentiation,Low_Differentiation,-0.0803993079231191,0.222322947889404,3.02936979254642
SRR2973344,0.5973644392,50,1075.638184,primary breast cancer,HER2-enriched,pT2N0 (IIA),1015,630,human epidermal growth factor receptor 2 positive (HER2+),BC04,67,ILLUMINA,BC04_Single-cell RNA-seq,5078074,1015614800,3,4.109161472,25,16,13,11,5,3,3,Differentiation,Low_Differentiation,-0.106921281841818,0.118568461888107,4.22938649085629
SRR2973346,0.7572626484,43,1005.341309,primary breast cancer,HER2-enriched,pT2N0 (IIA),884,548,human epidermal growth factor receptor 2 positive (HER2+),BC04,67,ILLUMINA,BC04_Single-cell RNA-seq,4421060,884212000,3,3.21239834,16,9,9,6,4,2,1,Stemness,Moderate_Stemness,-0.0521326117861116,-0.110741747877409,0.00605690927277625
SRR2973347,0.9259559402,48,1044.942017,primary breast cancer,HER2-enriched,pT2N0 (IIA),913,567,human epidermal growth factor receptor 2 positive (HER2+),BC04,67,ILLUMINA,BC04_Single-cell RNA-seq,4569693,913938600,3,4.336923396,18,12,9,7,5,3,3,Differentiation,Low_Differentiation,-0.144007728318531,0.23918724119051,4.24139994945438
SRR2973348,0.6922127107,49,1075.486694,primary breast cancer,HER2-enriched,pT2N0 (IIA),1130,698,human epidermal growth factor receptor 2 positive (HER2+),BC04,67,ILLUMINA,BC04_Single-cell RNA-seq,5651024,1130204800,3,6.500811094,18,13,11,9,5,2,2,Differentiation,Moderate_Differentiation,-0.0270190917807005,0.135871465038098,4.54682405402991
SRR2973349,0.5153249563,15,970.0182495,primary breast cancer,HER2-enriched,pT2N0 (IIA),920,565,human epidermal growth factor receptor 2 positive (HER2+),BC04,67,ILLUMINA,BC04_Single-cell RNA-seq,4602925,920585000,3,1.924664585,14,8,3,3,1,1,0,Stemness,Low_Stemness,-0.126788383508841,-0.117513620764618,0.022034672202591
SRR5023449,0.4315402283,46,1073.300659,primary breast cancer,HER2-enriched,pT2N0 (IIA),1299,573,human epidermal growth factor receptor 2 positive (HER2+),BC04,67,ILLUMINA,BC04_Single-cell RNA-seq,6497000,1299400000,3,2.201876755,12,10,5,5,2,1,1,Stemness,Low_Stemness,-0.0239499318399875,-0.0473564512913647,5.04850057228964
SRR5023451,0.5824329092,36,1065.059448,primary breast cancer,HER2-enriched,pT2N0 (IIA),1259,561,human epidermal growth factor receptor 2 positive (HER2+),BC04,67,ILLUMINA,BC04_Single-cell RNA-seq,6295906,1259181200,3,1.371889698,9,6,5,4,2,0,0,Differentiation,Low_Differentiation,-0.0582718579098094,0.178656649213938,6.08982760659118
SRR5023452,0.8195015141,37,1070.803711,primary breast cancer,HER2-enriched,pT2N0 (IIA),1727,764,human epidermal growth factor receptor 2 positive (HER2+),BC04,67,ILLUMINA,BC04_Single-cell RNA-seq,8638144,1727628800,3,1.729289057,8,6,6,3,1,1,1,Differentiation,High_Differentiation,0.00633404652260572,0.085602676293591,5.84969020340486
SRR5023537,0.6578051797,6,1032.068604,primary breast cancer,HER2-enriched,T2N1 (IIB),1242,545,human epidermal growth factor receptor 2 positive (HER2+),BC06,67,ILLUMINA,BC06_Single-cell RNA-seq,6212295,1242459000,4,0.3408446038,2,1,1,0,0,0,0,Differentiation,Low_Differentiation,-0.0971573043086053,0.191182210621584,0.708252733391917
SRR5023540,2.270233992,41,979.4845581,primary breast cancer,HER2-enriched,T2N1 (IIB),1172,515,human epidermal growth factor receptor 2 positive (HER2+),BC06,67,ILLUMINA,BC06_Single-cell RNA-seq,5864202,1172840400,4,0.898643717,6,3,3,1,0,0,0,Stemness,Low_Stemness,-0.0540643771825194,-0.0766774871776122,5.85090158525941
SRR5023543,0.5755483538,34,1034.452881,primary breast cancer,HER2-enriched,T2N1 (IIB),1199,526,human epidermal growth factor receptor 2 positive (HER2+),BC06,67,ILLUMINA,BC06_Single-cell RNA-seq,5998537,1199707400,4,0.6063770189,6,2,1,1,0,0,0,Differentiation,Low_Differentiation,-0.13233992550977,0.121011443269915,0.709464115246472
SRR5023544,0.5247801148,11,961.7174683,primary breast cancer,HER2-enriched,T2N1 (IIB),1354,596,human epidermal growth factor receptor 2 positive (HER2+),BC06,67,ILLUMINA,BC06_Single-cell RNA-seq,6770108,1354021600,4,0.4824368302,5,1,0,0,0,0,0,Differentiation,Moderate_Differentiation,-0.275437957357186,-0.0837149750365906,0.710675497101028
SRR5023546,0.2875151837,3,979.458313,primary breast cancer,HER2-enriched,T2N1 (IIB),1070,470,human epidermal growth factor receptor 2 positive (HER2+),BC06,67,ILLUMINA,BC06_Single-cell RNA-seq,5354652,1070930400,4,0.5273,2,1,1,1,1,1,1,Stemness,Low_Stemness,-0.208967195114651,-0.173236113938802,0.711886878955583
SRR5023547,0.4930902519,12,989.0817261,primary breast cancer,HER2-enriched,T2N1 (IIB),1478,643,human epidermal growth factor receptor 2 positive (HER2+),BC06,67,ILLUMINA,BC06_Single-cell RNA-seq,7390349,1478069800,4,0.508159283,5,1,1,0,0,0,0,Differentiation,Moderate_Differentiation,-0.162146059970415,-0.0179047367294549,5.85211296711397
SRR5023554,0.7593641814,10,977.8811035,primary breast cancer,HER2-enriched,T2N1 (IIB),1271,558,human epidermal growth factor receptor 2 positive (HER2+),BC06,67,ILLUMINA,BC06_Single-cell RNA-seq,6358328,1271665600,4,0.5589256604,2,1,1,1,1,0,0,Differentiation,Moderate_Differentiation,-0.0816111060969903,0.0488282039773506,0.713098260810138
SRR5023557,0.628151234,4,962.3049927,primary breast cancer,HER2-enriched,T2N1 (IIB),1326,582,human epidermal growth factor receptor 2 positive (HER2+),BC06,67,ILLUMINA,BC06_Single-cell RNA-seq,6632018,1326403600,4,0.2681843585,1,1,1,0,0,0,0,Stemness,Low_Stemness,-0.112322151315145,-0.104148289675339,5.85332434896852
